"sample_id","file","fh_null_mean_mse","fh_full_mean_mse","bhf_mean_mse","fh_null_ok","fh_full_ok","bhf_ok","bhf_dropped_predictors","error_msg"
"sample_001","../../data_raw/samples/transformed/sample_001.RDS",0.865940209605467,0.427336746750106,0.375446696082278,TRUE,TRUE,TRUE,"",NA
"sample_002","../../data_raw/samples/transformed/sample_002.RDS",0.875560904459977,0.327304465010434,0.447614557922201,TRUE,TRUE,TRUE,"",NA
"sample_003","../../data_raw/samples/transformed/sample_003.RDS",0.894366368169258,0.359355723885714,0.436416939555676,TRUE,TRUE,TRUE,"",NA
"sample_004","../../data_raw/samples/transformed/sample_004.RDS",0.88063770821151,0.541825192312689,0.389745576327299,TRUE,TRUE,TRUE,"ocu_military",NA
"sample_005","../../data_raw/samples/transformed/sample_005.RDS",0.840402717801182,0.493218007204545,0.316871284474858,TRUE,TRUE,TRUE,"",NA
"sample_006","../../data_raw/samples/transformed/sample_006.RDS",0.803243965093363,0.472703221837927,0.385999937166803,TRUE,TRUE,TRUE,"",NA
"sample_007","../../data_raw/samples/transformed/sample_007.RDS",0.817668610707184,0.531884740443144,0.334076277772773,TRUE,TRUE,TRUE,"",NA
"sample_008","../../data_raw/samples/transformed/sample_008.RDS",0.885058751882588,0.34856242471922,0.41613048250626,TRUE,TRUE,TRUE,"",NA
"sample_009","../../data_raw/samples/transformed/sample_009.RDS",0.821409960913759,0.415457574372383,0.413693149453946,TRUE,TRUE,TRUE,"",NA
"sample_010","../../data_raw/samples/transformed/sample_010.RDS",0.835187622867279,0.501845611096561,0.397424113870772,TRUE,TRUE,TRUE,"ocu_military",NA
"sample_011","../../data_raw/samples/transformed/sample_011.RDS",0.864319922149458,0.301021134036785,0.417647620808422,TRUE,TRUE,TRUE,"",NA
"sample_012","../../data_raw/samples/transformed/sample_012.RDS",0.791976553197616,0.42192916040875,0.428486281653124,TRUE,TRUE,TRUE,"",NA
"sample_013","../../data_raw/samples/transformed/sample_013.RDS",0.825688716210803,0.335893676467372,0.429277141373935,TRUE,TRUE,TRUE,"",NA
"sample_014","../../data_raw/samples/transformed/sample_014.RDS",0.840966308429421,0.255312971677447,0.359983413662636,TRUE,TRUE,TRUE,"",NA
"sample_015","../../data_raw/samples/transformed/sample_015.RDS",0.812540825794564,0.418572335100036,0.400251487808798,TRUE,TRUE,TRUE,"",NA
"sample_016","../../data_raw/samples/transformed/sample_016.RDS",0.868080380737659,0.415822717476608,0.412671151859566,TRUE,TRUE,TRUE,"",NA
"sample_017","../../data_raw/samples/transformed/sample_017.RDS",0.833476013446494,0.401986500162931,0.372222425392731,TRUE,TRUE,TRUE,"ocu_military",NA
"sample_018","../../data_raw/samples/transformed/sample_018.RDS",0.858263940711608,0.259964538381993,0.385146665092839,TRUE,TRUE,TRUE,"",NA
"sample_019","../../data_raw/samples/transformed/sample_019.RDS",0.807918344238686,0.491232234885255,0.388475251966481,TRUE,TRUE,TRUE,"",NA
"sample_020","../../data_raw/samples/transformed/sample_020.RDS",0.858179232782302,0.31070400093315,0.411982105285086,TRUE,TRUE,TRUE,"",NA
"sample_021","../../data_raw/samples/transformed/sample_021.RDS",0.839559697011049,0.513662666535813,0.393794355376777,TRUE,TRUE,TRUE,"",NA
"sample_022","../../data_raw/samples/transformed/sample_022.RDS",0.794389187704026,0.304651112787286,0.406876500132332,TRUE,TRUE,TRUE,"",NA
"sample_023","../../data_raw/samples/transformed/sample_023.RDS",0.790099286435084,0.375166250856886,0.381516846402913,TRUE,TRUE,TRUE,"",NA
"sample_024","../../data_raw/samples/transformed/sample_024.RDS",0.849347333723427,0.446041949029927,0.389942787133616,TRUE,TRUE,TRUE,"",NA
"sample_025","../../data_raw/samples/transformed/sample_025.RDS",0.820887248543512,0.439597998596106,0.414322554000808,TRUE,TRUE,TRUE,"",NA
"sample_026","../../data_raw/samples/transformed/sample_026.RDS",0.852325754910308,0.50864531274809,0.41098637764829,TRUE,TRUE,TRUE,"",NA
"sample_027","../../data_raw/samples/transformed/sample_027.RDS",0.762675059190088,0.229968538737859,0.31408099288202,TRUE,TRUE,TRUE,"",NA
"sample_028","../../data_raw/samples/transformed/sample_028.RDS",0.85915930458822,0.480953297473421,0.413897116808758,TRUE,TRUE,TRUE,"",NA
"sample_029","../../data_raw/samples/transformed/sample_029.RDS",0.864822321716609,0.520784422612164,0.451807719373126,TRUE,TRUE,TRUE,"",NA
"sample_030","../../data_raw/samples/transformed/sample_030.RDS",0.891125833701338,0.395137728768248,0.430534649313431,TRUE,TRUE,TRUE,"",NA
"sample_031","../../data_raw/samples/transformed/sample_031.RDS",0.847411194292512,0.461124444234736,0.398100473785228,TRUE,TRUE,TRUE,"",NA
"sample_032","../../data_raw/samples/transformed/sample_032.RDS",0.829533995825146,0.306672857166819,0.389707193335004,TRUE,TRUE,TRUE,"",NA
"sample_033","../../data_raw/samples/transformed/sample_033.RDS",0.866377421770576,0.337541669076906,0.410273212649125,TRUE,TRUE,TRUE,"",NA
"sample_034","../../data_raw/samples/transformed/sample_034.RDS",0.779507130207626,0.387986538583177,0.325534582484734,TRUE,TRUE,TRUE,"",NA
"sample_035","../../data_raw/samples/transformed/sample_035.RDS",0.761679931808121,0.417715733999719,0.3584747728246,TRUE,TRUE,TRUE,"",NA
"sample_036","../../data_raw/samples/transformed/sample_036.RDS",0.908704772519498,0.442735126453347,0.443238728786408,TRUE,TRUE,TRUE,"",NA
"sample_037","../../data_raw/samples/transformed/sample_037.RDS",0.843140845626518,0.337924030335638,0.406110061691968,TRUE,TRUE,TRUE,"",NA
"sample_038","../../data_raw/samples/transformed/sample_038.RDS",0.793737552665343,0.321682619568213,0.372980272934432,TRUE,TRUE,TRUE,"",NA
"sample_039","../../data_raw/samples/transformed/sample_039.RDS",0.86530223420364,0.433391499090982,0.426446089941892,TRUE,TRUE,TRUE,"",NA
"sample_040","../../data_raw/samples/transformed/sample_040.RDS",0.856127107512887,0.344052247402268,0.4018909859165,TRUE,TRUE,TRUE,"",NA
"sample_041","../../data_raw/samples/transformed/sample_041.RDS",0.798328707360159,0.368209988947383,0.36695999825679,TRUE,TRUE,TRUE,"",NA
"sample_042","../../data_raw/samples/transformed/sample_042.RDS",0.888407346023013,0.248706655296598,0.407158228673016,TRUE,TRUE,TRUE,"",NA
"sample_043","../../data_raw/samples/transformed/sample_043.RDS",0.871446402780513,0.396023836303317,0.360888058118341,TRUE,TRUE,TRUE,"",NA
"sample_044","../../data_raw/samples/transformed/sample_044.RDS",0.777522777546751,0.132514934377475,0.349364967990176,TRUE,TRUE,TRUE,"",NA
"sample_045","../../data_raw/samples/transformed/sample_045.RDS",0.828677184061355,0.435218783278778,0.378917021129262,TRUE,TRUE,TRUE,"",NA
"sample_046","../../data_raw/samples/transformed/sample_046.RDS",0.841016973153519,0.435954773901329,0.408499854183529,TRUE,TRUE,TRUE,"",NA
"sample_047","../../data_raw/samples/transformed/sample_047.RDS",0.81006469000061,0.391924074473513,0.4285735985649,TRUE,TRUE,TRUE,"",NA
"sample_048","../../data_raw/samples/transformed/sample_048.RDS",0.800000295079693,0.355242809189634,0.340680931909762,TRUE,TRUE,TRUE,"",NA
"sample_049","../../data_raw/samples/transformed/sample_049.RDS",0.842152833982533,0.490383677281024,0.400162895233488,TRUE,TRUE,TRUE,"",NA
"sample_050","../../data_raw/samples/transformed/sample_050.RDS",0.838985191050779,0.366644662529904,0.410394288944009,TRUE,TRUE,TRUE,"",NA
"sample_051","../../data_raw/samples/transformed/sample_051.RDS",0.842794576470152,0.257756748090229,0.411984473383616,TRUE,TRUE,TRUE,"",NA
"sample_052","../../data_raw/samples/transformed/sample_052.RDS",0.827312537572469,0.489727371216175,0.397229460643884,TRUE,TRUE,TRUE,"",NA
"sample_053","../../data_raw/samples/transformed/sample_053.RDS",0.816374713350996,0.392972374855351,0.398798975056448,TRUE,TRUE,TRUE,"",NA
"sample_054","../../data_raw/samples/transformed/sample_054.RDS",0.859027675008378,0.46157194716925,0.375826652501225,TRUE,TRUE,TRUE,"",NA
"sample_055","../../data_raw/samples/transformed/sample_055.RDS",0.85237013938723,0.540329044316433,0.414109068675899,TRUE,TRUE,TRUE,"",NA
"sample_056","../../data_raw/samples/transformed/sample_056.RDS",0.811086428929055,0.415522827409918,0.407691322225799,TRUE,TRUE,TRUE,"",NA
"sample_057","../../data_raw/samples/transformed/sample_057.RDS",0.831774635411775,0.210777375208438,0.367789585840095,TRUE,TRUE,TRUE,"",NA
"sample_058","../../data_raw/samples/transformed/sample_058.RDS",0.789266140791564,0.190027154686645,0.349402217097749,TRUE,TRUE,TRUE,"",NA
"sample_059","../../data_raw/samples/transformed/sample_059.RDS",0.855721618946066,0.382638081519526,0.419388833011954,TRUE,TRUE,TRUE,"",NA
"sample_060","../../data_raw/samples/transformed/sample_060.RDS",0.826568877264223,0.266673888034048,0.395656232830483,TRUE,TRUE,TRUE,"",NA
"sample_061","../../data_raw/samples/transformed/sample_061.RDS",0.833228350209117,0.20336598050256,0.370768070298038,TRUE,TRUE,TRUE,"",NA
"sample_062","../../data_raw/samples/transformed/sample_062.RDS",0.821327150337861,0.37850976804236,0.398833876399369,TRUE,TRUE,TRUE,"",NA
"sample_063","../../data_raw/samples/transformed/sample_063.RDS",0.871969196728549,0.368346346735676,0.380497675127105,TRUE,TRUE,TRUE,"",NA
"sample_064","../../data_raw/samples/transformed/sample_064.RDS",0.7716347265338,0.125762902359663,0.3444412341415,TRUE,TRUE,TRUE,"",NA
"sample_065","../../data_raw/samples/transformed/sample_065.RDS",0.828136329150523,0.411504878252102,0.393492654274386,TRUE,TRUE,TRUE,"",NA
"sample_066","../../data_raw/samples/transformed/sample_066.RDS",0.793200555566308,0.457148939892863,0.403409609957611,TRUE,TRUE,TRUE,"",NA
"sample_067","../../data_raw/samples/transformed/sample_067.RDS",0.778633069294345,0.473065482642216,0.408279066518679,TRUE,TRUE,TRUE,"",NA
"sample_068","../../data_raw/samples/transformed/sample_068.RDS",0.847417096695198,0.238312963399426,0.444250682635722,TRUE,TRUE,TRUE,"",NA
"sample_069","../../data_raw/samples/transformed/sample_069.RDS",0.795158189488483,0.227382219632989,0.376390183612284,TRUE,TRUE,TRUE,"",NA
"sample_070","../../data_raw/samples/transformed/sample_070.RDS",0.819686175051813,0.358698281846334,0.369604282939178,TRUE,TRUE,TRUE,"",NA
"sample_071","../../data_raw/samples/transformed/sample_071.RDS",0.842441982069091,0.23426509769147,0.393424847350526,TRUE,TRUE,TRUE,"",NA
"sample_072","../../data_raw/samples/transformed/sample_072.RDS",0.839567663737138,0.431208072610962,0.414966696946451,TRUE,TRUE,TRUE,"",NA
"sample_073","../../data_raw/samples/transformed/sample_073.RDS",0.812541422111658,0.51836793921847,0.384245809726116,TRUE,TRUE,TRUE,"",NA
"sample_074","../../data_raw/samples/transformed/sample_074.RDS",0.87387041216398,0.50484965992957,0.409717913580935,TRUE,TRUE,TRUE,"",NA
"sample_075","../../data_raw/samples/transformed/sample_075.RDS",0.865990954888638,0.524923398742803,0.464813144785265,TRUE,TRUE,TRUE,"",NA
"sample_076","../../data_raw/samples/transformed/sample_076.RDS",0.867667093772291,0.433620263072887,0.45398178429641,TRUE,TRUE,TRUE,"",NA
"sample_077","../../data_raw/samples/transformed/sample_077.RDS",0.820316435400735,0.338552108461402,0.375308760878162,TRUE,TRUE,TRUE,"",NA
"sample_078","../../data_raw/samples/transformed/sample_078.RDS",0.817497080171303,0.40397369065852,0.395333782033963,TRUE,TRUE,TRUE,"",NA
"sample_079","../../data_raw/samples/transformed/sample_079.RDS",0.725343031699596,0.250257335819792,0.32886612567459,TRUE,TRUE,TRUE,"",NA
"sample_080","../../data_raw/samples/transformed/sample_080.RDS",0.821569002809151,0.443664750718293,0.36861767618991,TRUE,TRUE,TRUE,"",NA
"sample_081","../../data_raw/samples/transformed/sample_081.RDS",0.827002327045586,0.285212634649645,0.383925546941418,TRUE,TRUE,TRUE,"",NA
"sample_082","../../data_raw/samples/transformed/sample_082.RDS",0.830349509849702,0.365381076545839,0.395012052953526,TRUE,TRUE,TRUE,"",NA
"sample_083","../../data_raw/samples/transformed/sample_083.RDS",0.790718477268462,0.332691594120377,0.334200544798098,TRUE,TRUE,TRUE,"",NA
"sample_084","../../data_raw/samples/transformed/sample_084.RDS",0.792521839110718,0.373467420001557,0.401101320335796,TRUE,TRUE,TRUE,"",NA
"sample_085","../../data_raw/samples/transformed/sample_085.RDS",0.863850346391929,0.4488275297585,0.414299363596012,TRUE,TRUE,TRUE,"",NA
"sample_086","../../data_raw/samples/transformed/sample_086.RDS",0.795019922127583,0.25900631782982,0.404314144798394,TRUE,TRUE,TRUE,"",NA
"sample_087","../../data_raw/samples/transformed/sample_087.RDS",0.835243271792295,0.336461419248045,0.395375008142809,TRUE,TRUE,TRUE,"",NA
"sample_088","../../data_raw/samples/transformed/sample_088.RDS",0.842577635097944,0.441883624084945,0.432687091107165,TRUE,TRUE,TRUE,"",NA
"sample_089","../../data_raw/samples/transformed/sample_089.RDS",0.810098897927248,0.529947821766267,0.385197427442256,TRUE,TRUE,TRUE,"",NA
"sample_090","../../data_raw/samples/transformed/sample_090.RDS",0.801851464374467,0.254938133214682,0.368590129954215,TRUE,TRUE,TRUE,"",NA
"sample_091","../../data_raw/samples/transformed/sample_091.RDS",0.794212046753893,0.318539984645532,0.345885182724547,TRUE,TRUE,TRUE,"ocu_military",NA
"sample_092","../../data_raw/samples/transformed/sample_092.RDS",0.763251322153463,0.135039066907689,0.341029960461276,TRUE,TRUE,TRUE,"",NA
"sample_093","../../data_raw/samples/transformed/sample_093.RDS",0.821316147233691,0.382533548521327,0.41421829084191,TRUE,TRUE,TRUE,"",NA
"sample_094","../../data_raw/samples/transformed/sample_094.RDS",0.837046760894595,0.286032013425733,0.411763262765349,TRUE,TRUE,TRUE,"",NA
"sample_095","../../data_raw/samples/transformed/sample_095.RDS",0.778260215089005,0.130639063498532,0.344223664867173,TRUE,TRUE,TRUE,"",NA
"sample_096","../../data_raw/samples/transformed/sample_096.RDS",0.771380075676252,0.358591770569522,0.390561937731193,TRUE,TRUE,TRUE,"",NA
"sample_097","../../data_raw/samples/transformed/sample_097.RDS",0.733519054994603,0.268263334673589,0.385840657686734,TRUE,TRUE,TRUE,"",NA
"sample_098","../../data_raw/samples/transformed/sample_098.RDS",0.814838286650708,0.349626518677226,0.378939368154118,TRUE,TRUE,TRUE,"",NA
"sample_099","../../data_raw/samples/transformed/sample_099.RDS",0.85985792096294,0.467713223362255,0.429177969910588,TRUE,TRUE,TRUE,"",NA
"sample_100","../../data_raw/samples/transformed/sample_100.RDS",0.845725563787052,0.307622303929763,0.376258881672951,TRUE,TRUE,TRUE,"",NA
"sample_101","../../data_raw/samples/transformed/sample_101.RDS",0.866122425195458,0.426206846085769,0.399558129131929,TRUE,TRUE,TRUE,"",NA
"sample_102","../../data_raw/samples/transformed/sample_102.RDS",0.843186678858434,0.330800975378635,0.417630635665881,TRUE,TRUE,TRUE,"",NA
"sample_103","../../data_raw/samples/transformed/sample_103.RDS",0.865863465603251,0.457901389018162,0.433336440858807,TRUE,TRUE,TRUE,"",NA
"sample_104","../../data_raw/samples/transformed/sample_104.RDS",0.878037133019647,0.384863069784055,0.436129447482478,TRUE,TRUE,TRUE,"",NA
"sample_105","../../data_raw/samples/transformed/sample_105.RDS",0.823747797881431,0.305943662922166,0.399271825920556,TRUE,TRUE,TRUE,"",NA
"sample_106","../../data_raw/samples/transformed/sample_106.RDS",0.869242514275936,0.334100539667495,0.358036232490687,TRUE,TRUE,TRUE,"",NA
"sample_107","../../data_raw/samples/transformed/sample_107.RDS",0.888700209491598,0.407995814056577,0.428778446059144,TRUE,TRUE,TRUE,"",NA
"sample_108","../../data_raw/samples/transformed/sample_108.RDS",0.820744415317162,0.319895303681587,0.381573779678628,TRUE,TRUE,TRUE,"",NA
"sample_109","../../data_raw/samples/transformed/sample_109.RDS",0.8572160568186,0.375405464471702,0.384453376067291,TRUE,TRUE,TRUE,"",NA
"sample_110","../../data_raw/samples/transformed/sample_110.RDS",0.824763079099828,0.554025369745265,0.395475318734953,TRUE,TRUE,TRUE,"",NA
"sample_111","../../data_raw/samples/transformed/sample_111.RDS",0.743720755269687,0.138232293533426,0.354259380470589,TRUE,TRUE,TRUE,"",NA
"sample_112","../../data_raw/samples/transformed/sample_112.RDS",0.827527931755778,0.355009673400024,0.435386956122917,TRUE,TRUE,TRUE,"",NA
"sample_113","../../data_raw/samples/transformed/sample_113.RDS",0.761942615800106,0.401745838072055,0.370494634762527,TRUE,TRUE,TRUE,"",NA
"sample_114","../../data_raw/samples/transformed/sample_114.RDS",0.846688892633583,0.534848486015815,0.409186673002784,TRUE,TRUE,TRUE,"",NA
"sample_115","../../data_raw/samples/transformed/sample_115.RDS",0.829358040234345,0.32516234746254,0.403501082480628,TRUE,TRUE,TRUE,"",NA
"sample_116","../../data_raw/samples/transformed/sample_116.RDS",0.847669702372568,0.269542797489596,0.357744433837338,TRUE,TRUE,TRUE,"",NA
"sample_117","../../data_raw/samples/transformed/sample_117.RDS",0.8262824496129,0.45419423721453,0.391092565392509,TRUE,TRUE,TRUE,"",NA
"sample_118","../../data_raw/samples/transformed/sample_118.RDS",0.83963050247625,0.454385023904231,0.359407366458877,TRUE,TRUE,TRUE,"",NA
"sample_119","../../data_raw/samples/transformed/sample_119.RDS",0.794910889763568,0.361255498313983,0.342276437879666,TRUE,TRUE,TRUE,"",NA
"sample_120","../../data_raw/samples/transformed/sample_120.RDS",0.831203361076581,0.332447314710761,0.403913340214022,TRUE,TRUE,TRUE,"",NA
"sample_121","../../data_raw/samples/transformed/sample_121.RDS",0.836579686848756,0.188354937317544,0.372888938956077,TRUE,TRUE,TRUE,"",NA
"sample_122","../../data_raw/samples/transformed/sample_122.RDS",0.856904357617507,0.435562948764862,0.395371285573945,TRUE,TRUE,TRUE,"",NA
"sample_123","../../data_raw/samples/transformed/sample_123.RDS",0.850659013563248,0.342766444416162,0.351200418059543,TRUE,TRUE,TRUE,"",NA
"sample_124","../../data_raw/samples/transformed/sample_124.RDS",0.86216489834068,0.395741026486737,0.40240808278451,TRUE,TRUE,TRUE,"",NA
"sample_125","../../data_raw/samples/transformed/sample_125.RDS",0.888411480613681,0.405801934871299,0.454233653159323,TRUE,TRUE,TRUE,"",NA
"sample_126","../../data_raw/samples/transformed/sample_126.RDS",0.849910293133879,0.380081381925072,0.381184698834749,TRUE,TRUE,TRUE,"",NA
"sample_127","../../data_raw/samples/transformed/sample_127.RDS",0.825511356423784,0.400510750335961,0.401431837302667,TRUE,TRUE,TRUE,"",NA
"sample_128","../../data_raw/samples/transformed/sample_128.RDS",0.889445960919988,0.368277892613161,0.403812479199962,TRUE,TRUE,TRUE,"",NA
"sample_129","../../data_raw/samples/transformed/sample_129.RDS",0.755102348471214,0.258737970306818,0.365102811452814,TRUE,TRUE,TRUE,"",NA
"sample_130","../../data_raw/samples/transformed/sample_130.RDS",0.844789118802484,0.357762976561125,0.392315659553758,TRUE,TRUE,TRUE,"",NA
"sample_131","../../data_raw/samples/transformed/sample_131.RDS",0.796574044943678,0.243301815025861,0.381199152897687,TRUE,TRUE,TRUE,"ocu_military",NA
"sample_132","../../data_raw/samples/transformed/sample_132.RDS",0.836061251325983,0.465424788058023,0.346647607179246,TRUE,TRUE,TRUE,"",NA
"sample_133","../../data_raw/samples/transformed/sample_133.RDS",0.839531710630932,0.303952266909883,0.380382566847467,TRUE,TRUE,TRUE,"",NA
"sample_134","../../data_raw/samples/transformed/sample_134.RDS",0.845029679758547,0.348426450922426,0.340174931816948,TRUE,TRUE,TRUE,"",NA
"sample_135","../../data_raw/samples/transformed/sample_135.RDS",0.852940671533784,0.414424865440868,0.403949679229342,TRUE,TRUE,TRUE,"",NA
"sample_136","../../data_raw/samples/transformed/sample_136.RDS",0.876204153246764,0.379649315840873,0.412537324223281,TRUE,TRUE,TRUE,"",NA
"sample_137","../../data_raw/samples/transformed/sample_137.RDS",0.80182376713879,0.311939393308409,0.368318829157065,TRUE,TRUE,TRUE,"",NA
"sample_138","../../data_raw/samples/transformed/sample_138.RDS",0.843809604764202,0.292632164692923,0.376778982327253,TRUE,TRUE,TRUE,"",NA
"sample_139","../../data_raw/samples/transformed/sample_139.RDS",0.839390546868407,0.480416290306309,0.399815550498415,TRUE,TRUE,TRUE,"",NA
"sample_140","../../data_raw/samples/transformed/sample_140.RDS",0.810455873321935,0.488678679183361,0.358559743838987,TRUE,TRUE,TRUE,"",NA
"sample_141","../../data_raw/samples/transformed/sample_141.RDS",0.826023123520771,0.407796858654261,0.398481484028087,TRUE,TRUE,TRUE,"",NA
"sample_142","../../data_raw/samples/transformed/sample_142.RDS",0.848899896276772,0.439108305020979,0.417778616902933,TRUE,TRUE,TRUE,"",NA
"sample_143","../../data_raw/samples/transformed/sample_143.RDS",0.889614411420838,0.629810562419827,0.421612751152538,TRUE,TRUE,TRUE,"",NA
"sample_144","../../data_raw/samples/transformed/sample_144.RDS",0.835614581382377,0.150883029408841,0.39263989690955,TRUE,TRUE,TRUE,"",NA
"sample_145","../../data_raw/samples/transformed/sample_145.RDS",0.819903238823633,0.249291535737764,0.348873458801061,TRUE,TRUE,TRUE,"",NA
"sample_146","../../data_raw/samples/transformed/sample_146.RDS",0.800032364708963,0.310612451629982,0.36070677216346,TRUE,TRUE,TRUE,"",NA
"sample_147","../../data_raw/samples/transformed/sample_147.RDS",0.822694085235556,0.394308220981279,0.382221974324534,TRUE,TRUE,TRUE,"",NA
"sample_148","../../data_raw/samples/transformed/sample_148.RDS",0.840595756478832,0.421731678952585,0.396012792134524,TRUE,TRUE,TRUE,"",NA
"sample_149","../../data_raw/samples/transformed/sample_149.RDS",0.813093835401117,0.379329388062867,0.3935852186855,TRUE,TRUE,TRUE,"",NA
"sample_150","../../data_raw/samples/transformed/sample_150.RDS",0.809112634078203,0.510816877562612,0.430881491631285,TRUE,TRUE,TRUE,"",NA
"sample_151","../../data_raw/samples/transformed/sample_151.RDS",0.802546071171426,0.339528403334907,0.347684992907882,TRUE,TRUE,TRUE,"",NA
"sample_152","../../data_raw/samples/transformed/sample_152.RDS",0.864160451815469,0.518271815094951,0.411184288377481,TRUE,TRUE,TRUE,"",NA
"sample_153","../../data_raw/samples/transformed/sample_153.RDS",0.860730087477541,0.254945838324843,0.440360603529831,TRUE,TRUE,TRUE,"",NA
"sample_154","../../data_raw/samples/transformed/sample_154.RDS",0.801316369438933,0.214432343839893,0.349734885543522,TRUE,TRUE,TRUE,"",NA
"sample_155","../../data_raw/samples/transformed/sample_155.RDS",0.768774979031443,0.373641861245657,0.376378915736863,TRUE,TRUE,TRUE,"",NA
"sample_156","../../data_raw/samples/transformed/sample_156.RDS",0.865907865831482,0.38834450778379,0.447316459720573,TRUE,TRUE,TRUE,"",NA
"sample_157","../../data_raw/samples/transformed/sample_157.RDS",0.864551483239045,0.435920061835635,0.384949529367766,TRUE,TRUE,TRUE,"",NA
"sample_158","../../data_raw/samples/transformed/sample_158.RDS",0.81978052488392,0.446852211546492,0.330771712714112,TRUE,TRUE,TRUE,"",NA
"sample_159","../../data_raw/samples/transformed/sample_159.RDS",0.823030744783966,0.28529314117492,0.393421917008724,TRUE,TRUE,TRUE,"ocu_military",NA
"sample_160","../../data_raw/samples/transformed/sample_160.RDS",0.80025044143022,0.425038079076755,0.368016017797825,TRUE,TRUE,TRUE,"",NA
"sample_161","../../data_raw/samples/transformed/sample_161.RDS",0.826724318916322,0.429936663364089,0.396632790130657,TRUE,TRUE,TRUE,"",NA
"sample_162","../../data_raw/samples/transformed/sample_162.RDS",0.844802477384139,0.293700932299576,0.356105492858283,TRUE,TRUE,TRUE,"",NA
"sample_163","../../data_raw/samples/transformed/sample_163.RDS",0.793562009576206,0.344455046415135,0.341349006027018,TRUE,TRUE,TRUE,"",NA
"sample_164","../../data_raw/samples/transformed/sample_164.RDS",0.855170048633065,0.362225365226872,0.366578367345806,TRUE,TRUE,TRUE,"",NA
"sample_165","../../data_raw/samples/transformed/sample_165.RDS",0.845482275383608,0.501802971840816,0.425215321650676,TRUE,TRUE,TRUE,"",NA
"sample_166","../../data_raw/samples/transformed/sample_166.RDS",0.875120251192383,0.560579570415737,0.400099789956316,TRUE,TRUE,TRUE,"",NA
"sample_167","../../data_raw/samples/transformed/sample_167.RDS",0.824180267691214,0.397060477530326,0.415458931957478,TRUE,TRUE,TRUE,"",NA
"sample_168","../../data_raw/samples/transformed/sample_168.RDS",0.875452542896955,0.39921152589001,0.359391548387299,TRUE,TRUE,TRUE,"",NA
"sample_169","../../data_raw/samples/transformed/sample_169.RDS",0.812011472623228,0.468109230218786,0.436009534770995,TRUE,TRUE,TRUE,"",NA
"sample_170","../../data_raw/samples/transformed/sample_170.RDS",0.811905200657451,0.306781656379174,0.353140875069688,TRUE,TRUE,TRUE,"",NA
"sample_171","../../data_raw/samples/transformed/sample_171.RDS",0.850340710964834,0.33876007720322,0.365851259663049,TRUE,TRUE,TRUE,"",NA
"sample_172","../../data_raw/samples/transformed/sample_172.RDS",0.75904535959414,0.15646787426523,0.415734426463759,TRUE,TRUE,TRUE,"",NA
"sample_173","../../data_raw/samples/transformed/sample_173.RDS",0.862813167825464,0.496373169359365,0.374126045791481,TRUE,TRUE,TRUE,"",NA
"sample_174","../../data_raw/samples/transformed/sample_174.RDS",0.882989977091263,0.379172345242202,0.371556190235197,TRUE,TRUE,TRUE,"",NA
"sample_175","../../data_raw/samples/transformed/sample_175.RDS",0.788000054216058,0.260289982091276,0.382947313930158,TRUE,TRUE,TRUE,"",NA
"sample_176","../../data_raw/samples/transformed/sample_176.RDS",0.83324777997606,0.39296878951442,0.376100975130253,TRUE,TRUE,TRUE,"",NA
"sample_177","../../data_raw/samples/transformed/sample_177.RDS",0.802574114776646,0.210642545484001,0.377445743843808,TRUE,TRUE,TRUE,"",NA
"sample_178","../../data_raw/samples/transformed/sample_178.RDS",0.816027748356556,0.395168886066655,0.340993785391523,TRUE,TRUE,TRUE,"",NA
"sample_179","../../data_raw/samples/transformed/sample_179.RDS",0.846089738480525,0.323659429766275,0.350879657084497,TRUE,TRUE,TRUE,"ocu_military",NA
"sample_180","../../data_raw/samples/transformed/sample_180.RDS",0.848687751432167,0.523738274306606,0.382582698363062,TRUE,TRUE,TRUE,"",NA
"sample_181","../../data_raw/samples/transformed/sample_181.RDS",0.823653298870267,0.413479932861967,0.372385958426587,TRUE,TRUE,TRUE,"",NA
"sample_182","../../data_raw/samples/transformed/sample_182.RDS",0.78176089593945,0.508772464982902,0.364630012874559,TRUE,TRUE,TRUE,"",NA
"sample_183","../../data_raw/samples/transformed/sample_183.RDS",0.871861044495983,0.315750481509112,0.400362765881373,TRUE,TRUE,TRUE,"ocu_military",NA
"sample_184","../../data_raw/samples/transformed/sample_184.RDS",0.82470264243512,0.432392262344685,0.37108606843437,TRUE,TRUE,TRUE,"",NA
"sample_185","../../data_raw/samples/transformed/sample_185.RDS",0.801611579913379,0.458318247834805,0.401758354065384,TRUE,TRUE,TRUE,"",NA
"sample_186","../../data_raw/samples/transformed/sample_186.RDS",0.793334365665026,0.492806018997595,0.367086776997356,TRUE,TRUE,TRUE,"",NA
"sample_187","../../data_raw/samples/transformed/sample_187.RDS",0.7836288429632,0.249511386311028,0.364312054074421,TRUE,TRUE,TRUE,"",NA
"sample_188","../../data_raw/samples/transformed/sample_188.RDS",0.895100809334282,0.493714497002627,0.414895314389729,TRUE,TRUE,TRUE,"",NA
"sample_189","../../data_raw/samples/transformed/sample_189.RDS",0.794596503745263,0.318251932101111,0.381629892631054,TRUE,TRUE,TRUE,"",NA
"sample_190","../../data_raw/samples/transformed/sample_190.RDS",0.841581279315034,0.43041312221994,0.410549946297272,TRUE,TRUE,TRUE,"",NA
"sample_191","../../data_raw/samples/transformed/sample_191.RDS",0.832591604826823,0.539205070306124,0.416661411003985,TRUE,TRUE,TRUE,"",NA
"sample_192","../../data_raw/samples/transformed/sample_192.RDS",0.857154223749837,0.501519095449076,0.416679820540433,TRUE,TRUE,TRUE,"",NA
"sample_193","../../data_raw/samples/transformed/sample_193.RDS",0.877328672996329,0.304057191089321,0.418833759576079,TRUE,TRUE,TRUE,"",NA
"sample_194","../../data_raw/samples/transformed/sample_194.RDS",0.829773968208192,0.312726713869076,0.374392987195204,TRUE,TRUE,TRUE,"",NA
"sample_195","../../data_raw/samples/transformed/sample_195.RDS",0.850874649725531,0.336255660320815,0.372580192078899,TRUE,TRUE,TRUE,"",NA
"sample_196","../../data_raw/samples/transformed/sample_196.RDS",0.727167677134106,0.329041088291393,0.363398331745827,TRUE,TRUE,TRUE,"",NA
"sample_197","../../data_raw/samples/transformed/sample_197.RDS",0.835242075613223,0.376651115504116,0.364195083009631,TRUE,TRUE,TRUE,"",NA
"sample_198","../../data_raw/samples/transformed/sample_198.RDS",0.828525937437268,0.366668034903975,0.378131629522303,TRUE,TRUE,TRUE,"",NA
"sample_199","../../data_raw/samples/transformed/sample_199.RDS",0.874249679123098,0.502450655359034,0.383566894126271,TRUE,TRUE,TRUE,"ocu_military",NA
"sample_200","../../data_raw/samples/transformed/sample_200.RDS",0.780338713388761,0.207592426292124,0.339481374538178,TRUE,TRUE,TRUE,"",NA
